epoch,train_loss,valid_loss
1,0.04778586011520006,-0.42028313875198364
2,-0.20808443850032368,-0.4225258231163025
3,-0.23230936944036557,-0.41405078768730164
4,-0.25409759890596223,-0.4166259169578552
5,-0.26522605052511944,-0.4125538766384125
6,-0.27026998198458124,-0.3863374888896942
7,-0.2859416024801426,-0.36787140369415283
8,-0.2897742962310637,-0.42140841484069824
9,-0.31196302102696627,-0.41103595495224
10,-0.30967510955170136,-0.4088761806488037
11,-0.32495977735160886,-0.4222750961780548
12,-0.32452147552057314,-0.40911024808883667
13,-0.32979193881602215,-0.3737345039844513
14,-0.34179108326596425,-0.405925989151001
15,-0.34800453125534203,-0.41148167848587036
16,-0.34947381067768973,-0.39341577887535095
17,-0.353650890402776,-0.40601617097854614
18,-0.36069430343638686,-0.4141097068786621
19,-0.35800375733384515,-0.40746739506721497
20,-0.3609857511027415,-0.40101534128189087
21,-0.36487678690512376,-0.417477548122406
22,-0.3676962095095699,-0.4217102527618408
