window_id,horizon,date,actual,prediction
0,1,2024-01-01,136.9999998481612,136.01956539467213
0,2,2024-01-02,88.00000000018987,131.5237585427234
0,3,2024-01-03,92.99999855300865,129.5632074913984
0,4,2024-01-04,95.99999967129776,134.7093352142557
0,5,2024-01-05,99.99999950685171,132.80398923343887
0,6,2024-01-06,88.9999987174547,130.87041493905085
0,7,2024-01-07,139.99999972482667,134.82865276330202
1,1,2024-01-08,134.00000059230757,126.69534741116216
1,2,2024-01-09,118.99999996735662,125.02731544087962
1,3,2024-01-10,100.99999822411655,120.5873959316321
1,4,2024-01-11,94.00000223676808,120.55574446167134
1,5,2024-01-12,87.00000128292503,113.24607760424705
1,6,2024-01-13,95.00000095403291,110.8280552873814
1,7,2024-01-14,103.00000062514081,110.83650081141533
2,1,2024-01-15,127.999999597353,104.725303727677
2,2,2024-01-16,134.99999993038423,101.45313125664123
2,3,2024-01-17,134.99999993038423,101.18929616504772
2,4,2024-01-18,125.99999967957602,102.72413668367363
2,5,2024-01-19,120.00000116786875,102.82705735086284
2,6,2024-01-20,91.99999983574381,103.19462761475674
2,7,2024-01-21,117.99999876684448,102.31796185740646
3,1,2024-01-22,122.00000108564572,120.00164011108026
3,2,2024-01-23,140.99999999412105,115.46869815834225
3,3,2024-01-24,134.99999993038423,113.23347264100204
3,4,2024-01-25,111.99999901351356,113.36248727071657
3,5,2024-01-26,130.99999947401847,109.85720989330338
3,6,2024-01-27,120.00000116786875,112.58503717559853
3,7,2024-01-28,136.9999998481612,118.4514506409537
4,1,2024-01-29,115.99999884906751,126.6146642234566
4,2,2024-01-30,128.99999955624148,127.47425517243953
4,3,2024-01-31,100.99999822411655,123.95533235116676
4,4,2024-02-01,92.99999855300865,127.58849572240106
4,5,2024-02-02,124.99999972068753,127.02966699384041
4,6,2024-02-03,118.99999996735662,132.33665326803796
4,7,2024-02-04,117.00000004957964,130.61379740570626
5,1,2024-02-05,111.00000029624871,134.51865658783117
5,2,2024-02-06,91.00000111847898,136.81221482564158
5,3,2024-02-07,103.00000062514081,130.8494079085995
5,4,2024-02-08,113.00000021402569,125.03460377167633
5,5,2024-02-09,120.99999988513359,116.54549378130349
5,6,2024-02-10,111.00000029624871,125.02565042357155
5,7,2024-02-11,120.99999988513359,137.2349380118506
6,1,2024-02-12,150.99999989341185,115.70056889081643
6,2,2024-02-13,122.99999980291057,117.00812523471313
6,3,2024-02-14,113.99999893129053,114.87380150451521
6,4,2024-02-15,98.00000207232202,118.79260908666912
6,5,2024-02-16,107.99999917795961,117.28522583333083
6,6,2024-02-17,113.00000021402569,119.64039964452907
6,7,2024-02-18,122.99999980291057,119.09528961562306
7,1,2024-02-19,118.99999996735662,120.59565769536657
7,2,2024-02-20,107.99999917795961,118.02541728610686
7,3,2024-02-21,128.99999955624148,114.46618639481973
7,4,2024-02-22,107.99999917795961,115.67309424279776
7,5,2024-02-23,128.99999955624148,109.13962592385724
7,6,2024-02-24,113.00000021402569,109.99972345528738
7,7,2024-02-25,107.00000046069476,119.29027419284877
8,1,2024-02-26,132.99999939179543,127.69161380774985
8,2,2024-02-27,120.99999988513359,130.9545014171676
8,3,2024-02-28,120.99999988513359,122.61519580282275
8,4,2024-02-29,122.99999980291057,122.20368447812895
8,5,2024-03-01,122.00000108564572,118.82133280807474
8,6,2024-03-02,109.00000037847174,118.54747781366532
8,7,2024-03-03,99.99999950685171,118.28393574525207
9,1,2024-03-04,107.00000046069476,120.82677103741725
9,2,2024-03-05,117.00000004957964,123.03405257300093
9,3,2024-03-06,128.99999955624148,121.04799857200567
9,4,2024-03-07,107.99999917795961,120.48899974100563
9,5,2024-03-08,117.00000004957964,116.41194970853167
9,6,2024-03-09,122.00000108564572,119.50003657469838
9,7,2024-03-10,130.99999947401847,122.95089110449976
10,1,2024-03-11,111.00000029624871,118.93757609697582
10,2,2024-03-12,122.99999980291057,112.1058449460106
10,3,2024-03-13,111.00000029624871,107.74000815317132
10,4,2024-03-14,122.99999980291057,115.38494319373872
10,5,2024-03-15,122.99999980291057,115.71302485922402
10,6,2024-03-16,96.9999983885626,116.77955473788762
10,7,2024-03-17,135.99999988927271,113.0421930687333
11,1,2024-03-18,113.99999893129053,127.66492883236947
11,2,2024-03-19,113.00000021402569,121.4241633547709
11,3,2024-03-20,103.99999934240566,112.0405653412461
11,4,2024-03-21,95.99999967129776,110.22527184016073
11,5,2024-03-22,122.00000108564572,109.33506245208976
11,6,2024-03-23,107.99999917795961,112.05958701548894
11,7,2024-03-24,105.0000005429178,117.70852761615845
12,1,2024-03-25,100.99999822411655,117.14080513742798
12,2,2024-03-26,113.00000021402569,117.60159153810102
12,3,2024-03-27,103.99999934240566,110.55410841282225
12,4,2024-03-28,115.99999884906751,111.34141699968234
12,5,2024-03-29,125.99999967957602,108.87258247676482
12,6,2024-03-30,122.99999980291057,108.50508174379505
12,7,2024-03-31,118.99999996735662,107.75455749904455
13,1,2024-04-01,120.00000116786875,117.80734595882427
13,2,2024-04-02,120.99999988513359,114.77947038970278
13,3,2024-04-03,88.9999987174547,109.63506852371216
13,4,2024-04-04,84.99999888190077,108.62885175523269
13,5,2024-04-05,105.0000005429178,106.62927150624776
13,6,2024-04-06,84.99999888190077,105.43765549508271
13,7,2024-04-07,84.99999888190077,108.69060763209242
14,1,2024-04-08,111.00000029624871,109.95472949763642
14,2,2024-04-09,109.00000037847174,108.19307910451374
14,3,2024-04-10,126.99999963846452,101.41633946478977
14,4,2024-04-11,111.00000029624871,99.87932858803222
14,5,2024-04-12,96.9999983885626,97.2108807149401
14,6,2024-04-13,117.99999876684448,98.36705085428498
14,7,2024-04-14,95.00000095403291,100.65659988934537
15,1,2024-04-15,131.99999943290695,107.97840734277142
15,2,2024-04-16,102.00000190787597,108.02474970370093
15,3,2024-04-17,118.99999996735662,102.7335581238926
15,4,2024-04-18,98.00000207232202,103.63342237742785
15,5,2024-04-19,95.00000095403291,105.09453528400803
15,6,2024-04-20,103.00000062514081,104.98736329745802
15,7,2024-04-21,99.00000078958686,105.5467072998314
16,1,2024-04-22,109.99999909573658,108.10425831543823
16,2,2024-04-23,120.00000116786875,108.21202876458517
16,3,2024-04-24,94.00000223676808,103.48794381817936
16,4,2024-04-25,88.00000000018987,103.68615165038773
16,5,2024-04-26,127.999999597353,97.69551125609354
16,6,2024-04-27,91.00000111847898,97.22258674266607
16,7,2024-04-28,126.99999963846452,102.8766031007967
17,1,2024-04-29,103.00000062514081,103.19348035450867
17,2,2024-04-30,98.00000207232202,110.41100880447776
17,3,2024-05-01,95.00000095403291,106.62770209396035
17,4,2024-05-02,84.99999888190077,106.71060282149605
17,5,2024-05-03,99.00000078958686,101.39764557918923
17,6,2024-05-04,105.0000005429178,100.14632237017886
17,7,2024-05-05,111.99999901351356,107.05718716254054
18,1,2024-05-06,111.00000029624871,111.37689763696456
18,2,2024-05-07,111.00000029624871,109.64311921142695
18,3,2024-05-08,117.99999876684448,106.01726031209674
18,4,2024-05-09,96.9999983885626,105.71452266845513
18,5,2024-05-10,96.9999983885626,100.78016130801063
18,6,2024-05-11,85.9999975991656,103.04884113284427
18,7,2024-05-12,111.99999901351356,106.64217197592029
19,1,2024-05-13,107.00000046069476,104.4337754623033
19,2,2024-05-14,103.99999934240566,100.23541631645628
19,3,2024-05-15,102.00000190787597,96.06250797208642
19,4,2024-05-16,111.99999901351356,98.73115947145635
19,5,2024-05-17,95.99999967129776,96.99462464142664
19,6,2024-05-18,76.99999921079286,96.3896062716448
19,7,2024-05-19,84.99999888190077,102.56199553510798
20,1,2024-05-20,107.00000046069476,97.60266263991335
20,2,2024-05-21,100.99999822411655,89.82926425052985
20,3,2024-05-22,102.00000190787597,83.21921755165445
20,4,2024-05-23,103.00000062514081,87.96654072620186
20,5,2024-05-24,99.99999950685171,87.93171566620424
20,6,2024-05-25,91.99999983574381,88.10482283480336
20,7,2024-05-26,107.99999917795961,90.90207674483763
21,1,2024-05-27,99.99999950685171,101.95923195386564
21,2,2024-05-28,88.9999987174547,105.15218883634437
21,3,2024-05-29,99.00000078958686,102.58455335349207
21,4,2024-05-30,64.00000098686618,101.67263045111568
21,5,2024-05-31,87.00000128292503,99.67596553444943
21,6,2024-06-01,105.99999926018263,102.48646508552957
21,7,2024-06-02,107.99999917795961,101.07557337214618
22,1,2024-06-03,87.00000128292503,97.34135052756668
22,2,2024-06-04,109.00000037847174,95.22702438779666
22,3,2024-06-05,103.99999934240566,90.1775049175169
22,4,2024-06-06,80.99999904634682,91.19514959002584
22,5,2024-06-07,81.99999776361166,88.34910980372848
22,6,2024-06-08,81.99999776361166,89.0858892747278
22,7,2024-06-09,107.00000046069476,91.17558160137914
23,1,2024-06-10,111.99999901351356,92.27311730570804
23,2,2024-06-11,102.00000190787597,89.48252843140065
23,3,2024-06-12,92.99999855300865,88.60893693419563
23,4,2024-06-13,84.99999888190077,88.99863789793969
23,5,2024-06-14,120.99999988513359,89.03760004792277
23,6,2024-06-15,95.00000095403291,85.32788188760284
23,7,2024-06-16,105.99999926018263,84.89905487955454
24,1,2024-06-17,94.00000223676808,102.83625033233113
24,2,2024-06-18,92.99999855300865,101.00317181415342
24,3,2024-06-19,95.99999967129776,99.40112965736039
24,4,2024-06-20,98.00000207232202,98.04758605689665
24,5,2024-06-21,122.99999980291057,91.2732477173023
24,6,2024-06-22,102.00000190787597,89.5516421699812
24,7,2024-06-23,94.00000223676808,92.50414870059814
25,1,2024-06-24,96.9999983885626,106.85310893373817
25,2,2024-06-25,105.99999926018263,103.08352713099364
25,3,2024-06-26,91.00000111847898,95.3180354009821
25,4,2024-06-27,115.00000013180266,96.09758632330764
25,5,2024-06-28,105.99999926018263,95.55307475699857
25,6,2024-06-29,91.99999983574381,99.68907211364706
25,7,2024-06-30,84.00000016463592,104.89466615936252
26,1,2024-07-01,94.00000223676808,98.8948203673636
26,2,2024-07-02,111.99999901351356,100.76297227026794
26,3,2024-07-03,102.00000190787597,100.51281490474881
26,4,2024-07-04,102.00000190787597,98.73044926273136
26,5,2024-07-05,105.99999926018263,97.59490000888421
26,6,2024-07-06,88.00000000018987,93.01227572761135
26,7,2024-07-07,113.99999893129053,94.433532515184
27,1,2024-07-08,95.00000095403291,105.35095291594573
27,2,2024-07-09,80.00000032908197,102.72296459095267
27,3,2024-07-10,83.00000144737108,101.34993246575551
27,4,2024-07-11,109.00000037847174,102.71822158862841
27,5,2024-07-12,91.00000111847898,101.7710415412259
27,6,2024-07-13,88.00000000018987,100.73824409375223
27,7,2024-07-14,113.00000021402569,99.1500733563222
28,1,2024-07-15,90.00000240121413,105.62555040129492
28,2,2024-07-16,80.99999904634682,105.04198728810033
28,3,2024-07-17,81.99999776361166,102.38260575086468
28,4,2024-07-18,95.99999967129776,100.04667462291812
28,5,2024-07-19,73.99999809250376,96.51265614136828
28,6,2024-07-20,84.00000016463592,98.69692542431379
28,7,2024-07-21,103.99999934240566,101.69310730827058
29,1,2024-07-22,87.00000128292503,96.71814982112608
29,2,2024-07-23,102.00000190787597,95.58522784291195
29,3,2024-07-24,111.00000029624871,90.72275152502387
29,4,2024-07-25,102.00000190787597,91.75210222525875
29,5,2024-07-26,113.99999893129053,90.15663074079556
29,6,2024-07-27,107.00000046069476,84.92011281657535
29,7,2024-07-28,95.00000095403291,85.77198583298038
30,1,2024-07-29,80.99999904634682,101.78307039109959
30,2,2024-07-30,102.00000190787597,98.03757857031718
30,3,2024-07-31,95.00000095403291,99.70433911798713
30,4,2024-08-01,103.00000062514081,100.1537572125657
30,5,2024-08-02,80.99999904634682,101.08974278118401
30,6,2024-08-03,122.99999980291057,98.45142663071104
30,7,2024-08-04,122.99999980291057,102.92838377329176
31,1,2024-08-05,99.99999950685171,104.20506342038225
31,2,2024-08-06,99.00000078958686,104.60686773141869
31,3,2024-08-07,111.00000029624871,104.58098981140762
31,4,2024-08-08,103.99999934240566,104.6502028798798
31,5,2024-08-09,95.00000095403291,103.80504953064202
31,6,2024-08-10,79.00000161181713,105.91887405445942
31,7,2024-08-11,109.99999909573658,106.44121270571439
32,1,2024-08-12,117.00000004957964,101.29816172624965
32,2,2024-08-13,126.99999963846452,98.80557742624876
32,3,2024-08-14,109.99999909573658,100.76064298430974
32,4,2024-08-15,95.00000095403291,103.51973434998837
32,5,2024-08-16,99.00000078958686,102.75060313329249
32,6,2024-08-17,105.99999926018263,96.91910909133196
32,7,2024-08-18,95.99999967129776,97.38753396066963
33,1,2024-08-19,94.00000223676808,104.24806333045916
33,2,2024-08-20,122.00000108564572,103.4111866444396
33,3,2024-08-21,122.99999980291057,100.36484316522098
33,4,2024-08-22,83.00000144737108,103.46555982710561
33,5,2024-08-23,80.99999904634682,102.97455230691095
33,6,2024-08-24,109.00000037847174,103.84508444345445
33,7,2024-08-25,118.99999996735662,106.08761319107512
34,1,2024-08-26,120.00000116786875,105.42119901529063
34,2,2024-08-27,117.99999876684448,102.35651178833936
34,3,2024-08-28,92.99999855300865,99.57340742136459
34,4,2024-08-29,109.00000037847174,103.17208966235097
34,5,2024-08-30,115.99999884906751,108.83989797593134
34,6,2024-08-31,79.00000161181713,108.40553829292051
34,7,2024-09-01,99.99999950685171,108.59517643873042
35,1,2024-09-02,118.99999996735662,107.66098874115019
35,2,2024-09-03,92.99999855300865,108.20619561670051
35,3,2024-09-04,113.00000021402569,103.66177112849266
35,4,2024-09-05,76.99999921079286,106.05638138990639
35,5,2024-09-06,94.00000223676808,109.25148131479655
35,6,2024-09-07,113.99999893129053,107.91724744526132
35,7,2024-09-08,90.00000240121413,109.639739511865
36,1,2024-09-09,99.99999950685171,106.02011852972775
36,2,2024-09-10,80.99999904634682,105.45728556491166
36,3,2024-09-11,120.00000116786875,99.59398360841111
36,4,2024-09-12,122.00000108564572,99.73605515237745
36,5,2024-09-13,76.00000049352802,98.31190786495903
36,6,2024-09-14,107.99999917795961,97.13055759809163
36,7,2024-09-15,105.99999926018263,94.4636294723411
37,1,2024-09-16,131.99999943290695,102.1052717270017
37,2,2024-09-17,120.99999988513359,101.62823495606168
37,3,2024-09-18,107.00000046069476,97.04654437576993
37,4,2024-09-19,81.99999776361166,101.06246679294857
37,5,2024-09-20,107.00000046069476,100.58170515107325
37,6,2024-09-21,109.00000037847174,98.18116986162511
37,7,2024-09-22,105.99999926018263,102.51291663566468
38,1,2024-09-23,81.99999776361166,105.77610471800455
38,2,2024-09-24,84.99999888190077,107.55251801626741
38,3,2024-09-25,95.00000095403291,106.36531721878433
38,4,2024-09-26,91.99999983574381,108.23531665767257
38,5,2024-09-27,111.00000029624871,106.52219884958936
38,6,2024-09-28,95.99999967129776,107.46674665486427
38,7,2024-09-29,107.99999917795961,105.72906208133918
39,1,2024-09-30,122.99999980291057,113.53104761352735
39,2,2024-10-01,115.99999884906751,108.4224467237194
39,3,2024-10-02,124.0000010034227,109.55042455657875
39,4,2024-10-03,130.99999947401847,108.10676391195403
39,5,2024-10-04,113.99999893129053,107.13965332180047
39,6,2024-10-05,96.9999983885626,104.63532326211697
39,7,2024-10-06,113.99999893129053,105.44086633382892
40,1,2024-10-07,124.0000010034227,105.77738607360628
40,2,2024-10-08,125.99999967957602,112.02366932668365
40,3,2024-10-09,115.00000013180266,119.62494391339493
40,4,2024-10-10,95.99999967129776,120.56440602821952
40,5,2024-10-11,99.00000078958686,118.48839639413714
40,6,2024-10-12,124.0000010034227,111.71053184339073
40,7,2024-10-13,111.99999901351356,114.37877360695776
41,1,2024-10-14,109.00000037847174,112.67604073904212
41,2,2024-10-15,115.99999884906751,114.50055950381054
41,3,2024-10-16,109.99999909573658,113.83931544888422
41,4,2024-10-17,135.99999988927271,118.53757462347205
41,5,2024-10-18,107.00000046069476,117.86097913379778
41,6,2024-10-19,118.99999996735662,117.65581324268231
41,7,2024-10-20,113.00000021402569,117.66957291591724
42,1,2024-10-21,113.00000021402569,122.07948983140469
42,2,2024-10-22,120.99999988513359,115.4400067191514
42,3,2024-10-23,111.00000029624871,108.94279877714223
42,4,2024-10-24,124.0000010034227,114.37331294616664
42,5,2024-10-25,111.00000029624871,113.60009430443108
42,6,2024-10-26,107.00000046069476,112.84457624938
42,7,2024-10-27,145.9999999825672,111.00446765812376
43,1,2024-10-28,111.99999901351356,123.10472330763244
43,2,2024-10-29,120.99999988513359,122.38059846482395
43,3,2024-10-30,113.00000021402569,116.27174556652756
43,4,2024-10-31,115.99999884906751,119.94122518775724
43,5,2024-11-01,118.99999996735662,121.49546731746142
43,6,2024-11-02,100.99999822411655,124.25264409947931
43,7,2024-11-03,105.99999926018263,121.91489275126904
44,1,2024-11-04,118.99999996735662,116.11951009140247
44,2,2024-11-05,124.0000010034227,118.39723390286697
44,3,2024-11-06,96.9999983885626,116.54177884335738
44,4,2024-11-07,107.00000046069476,115.71755430228131
44,5,2024-11-08,118.99999996735662,115.51873807448686
44,6,2024-11-09,124.0000010034227,116.49054448526617
44,7,2024-11-10,111.99999901351356,116.8909879767876
45,1,2024-11-11,132.99999939179543,116.3331413725302
45,2,2024-11-12,122.99999980291057,114.51061417208851
45,3,2024-11-13,125.99999967957602,111.56932943597594
45,4,2024-11-14,117.00000004957964,115.09003771205036
45,5,2024-11-15,124.0000010034227,111.79823020469107
45,6,2024-11-16,111.99999901351356,110.74592436650565
45,7,2024-11-17,124.99999972068753,112.89318333183817
46,1,2024-11-18,111.00000029624871,121.80989608934524
46,2,2024-11-19,126.99999963846452,119.6004491621245
46,3,2024-11-20,120.99999988513359,113.64619330712617
46,4,2024-11-21,122.00000108564572,116.27319578294502
46,5,2024-11-22,117.99999876684448,115.89137664610003
46,6,2024-11-23,125.99999967957602,117.78846831292424
46,7,2024-11-24,138.99999976593818,122.82388542184302
47,1,2024-11-25,122.99999980291057,129.75997752342573
47,2,2024-11-26,139.99999972482667,127.05354341653558
47,3,2024-11-27,136.9999998481612,121.98781827444004
47,4,2024-11-28,117.99999876684448,124.56066236848352
47,5,2024-11-29,122.99999980291057,122.31038713094111
47,6,2024-11-30,100.99999822411655,124.94515347941275
47,7,2024-12-01,91.00000111847898,124.40028060062296
48,1,2024-12-02,100.99999822411655,121.54701456471116
48,2,2024-12-03,144.99999998487797,122.18563623682385
48,3,2024-12-04,124.0000010034227,121.52314807500515
48,4,2024-12-05,134.99999993038423,120.43918083386984
48,5,2024-12-06,125.99999967957602,119.7515920084419
48,6,2024-12-07,144.00000002598946,120.36410730179281
48,7,2024-12-08,134.00000059230757,121.79349920748811
49,1,2024-12-09,117.00000004957964,129.27035813846632
49,2,2024-12-10,137.99999980704968,133.7813022450842
49,3,2024-12-11,134.00000059230757,133.41573968662442
49,4,2024-12-12,96.9999983885626,129.8063956233976
49,5,2024-12-13,117.99999876684448,125.8038690837259
49,6,2024-12-14,124.0000010034227,121.65975647493308
49,7,2024-12-15,127.999999597353,119.76928017888991
50,1,2024-12-16,134.99999993038423,132.12368873880766
50,2,2024-12-17,134.99999993038423,131.19902553620895
50,3,2024-12-18,107.00000046069476,125.05557976153656
50,4,2024-12-19,131.99999943290695,124.8412184057055
50,5,2024-12-20,135.99999988927271,124.23128817278368
50,6,2024-12-21,117.00000004957964,127.35646357885302
50,7,2024-12-22,140.99999999412105,130.68238469586132
51,1,2024-12-23,126.99999963846452,131.08543808028472
51,2,2024-12-24,138.99999976593818,133.70488403459953
51,3,2024-12-25,140.99999999412105,128.7977738299176
51,4,2024-12-26,144.00000002598946,132.53668752862828
51,5,2024-12-27,136.9999998481612,133.33680967150573
51,6,2024-12-28,148.00000001674638,134.05386470927908
51,7,2024-12-29,153.9999997700773,135.25183907513065
